1,Adams,12801000,01,0128,012801
2,Bacarra,12802000,01,0128,012802
3,Badoc,12803000,01,0128,012803
4,Bangui,12804000,01,0128,012804
5,City of Batac,12805000,01,0128,012805
6,Burgos,12806000,01,0128,012806
7,Carasi,12807000,01,0128,012807
8,Currimao,12808000,01,0128,012808
9,Dingras,12809000,01,0128,012809
10,Dumalneg,12810000,01,0128,012810
11,Banna,12811000,01,0128,012811
12,City of Laoag (Capital),12812000,01,0128,012812
13,Marcos,12813000,01,0128,012813
14,Nueva Era,12814000,01,0128,012814
15,Pagudpud,12815000,01,0128,012815
16,Paoay,12816000,01,0128,012816
17,Pasuquin,12817000,01,0128,012817
18,Piddig,12818000,01,0128,012818
19,Pinili,12819000,01,0128,012819
20,San Nicolas,12820000,01,0128,012820
21,Sarrat,12821000,01,0128,012821
22,Solsona,12822000,01,0128,012822
23,Vintar,12823000,01,0128,012823
24,Alilem,12901000,01,0129,012901
25,Banayoyo,12902000,01,0129,012902
26,Bantay,12903000,01,0129,012903
27,Burgos,12904000,01,0129,012904
28,Cabugao,12905000,01,0129,012905
29,City of Candon,12906000,01,0129,012906
30,Caoayan,12907000,01,0129,012907
31,Cervantes,12908000,01,0129,012908
32,Galimuyod,12909000,01,0129,012909
33,Gregorio del Pilar,12910000,01,0129,012910
34,Lidlidda,12911000,01,0129,012911
35,Magsingal,12912000,01,0129,012912
36,Nagbukel,12913000,01,0129,012913
37,Narvacan,12914000,01,0129,012914
38,Quirino,12915000,01,0129,012915
39,Salcedo,12916000,01,0129,012916
40,San Emilio,12917000,01,0129,012917
41,San Esteban,12918000,01,0129,012918
42,San Ildefonso,12919000,01,0129,012919
43,San Juan,12920000,01,0129,012920
44,San Vicente,12921000,01,0129,012921
45,Santa,12922000,01,0129,012922
46,Santa Catalina,12923000,01,0129,012923
47,Santa Cruz,12924000,01,0129,012924
48,Santa Lucia,12925000,01,0129,012925
49,Santa Maria,12926000,01,0129,012926
50,Santiago,12927000,01,0129,012927
51,Santo Domingo,12928000,01,0129,012928
52,Sigay,12929000,01,0129,012929
53,Sinait,12930000,01,0129,012930
54,Sugpon,12931000,01,0129,012931
55,Suyo,12932000,01,0129,012932
56,Tagudin,12933000,01,0129,012933
57,City of Vigan (Capital),12934000,01,0129,012934
58,Agoo,13301000,01,0133,013301
59,Aringay,13302000,01,0133,013302
60,Bacnotan,13303000,01,0133,013303
61,Bagulin,13304000,01,0133,013304
62,Balaoan,13305000,01,0133,013305
63,Bangar,13306000,01,0133,013306
64,Bauang,13307000,01,0133,013307
65,Burgos,13308000,01,0133,013308
66,Caba,13309000,01,0133,013309
67,Luna,13310000,01,0133,013310
68,Naguilian,13311000,01,0133,013311
69,Pugo,13312000,01,0133,013312
70,Rosario,13313000,01,0133,013313
71,City of San Fernando (Capital),13314000,01,0133,013314
72,San Gabriel,13315000,01,0133,013315
73,San Juan,13316000,01,0133,013316
74,Santo Tomas,13317000,01,0133,013317
75,Santol,13318000,01,0133,013318
76,Sudipen,13319000,01,0133,013319
77,Tubao,13320000,01,0133,013320
78,Agno,15501000,01,0155,015501
79,Aguilar,15502000,01,0155,015502
80,City of Alaminos,15503000,01,0155,015503
81,Alcala,15504000,01,0155,015504
82,Anda,15505000,01,0155,015505
83,Asingan,15506000,01,0155,015506
84,Balungao,15507000,01,0155,015507
85,Bani,15508000,01,0155,015508
86,Basista,15509000,01,0155,015509
87,Bautista,15510000,01,0155,015510
88,Bayambang,15511000,01,0155,015511
89,Binalonan,15512000,01,0155,015512
90,Binmaley,15513000,01,0155,015513
91,Bolinao,15514000,01,0155,015514
92,Bugallon,15515000,01,0155,015515
93,Burgos,15516000,01,0155,015516
94,Calasiao,15517000,01,0155,015517
95,City of Dagupan,15518000,01,0155,015518
96,Dasol,15519000,01,0155,015519
97,Infanta,15520000,01,0155,015520
98,Labrador,15521000,01,0155,015521
99,Lingayen (Capital),15522000,01,0155,015522
100,Mabini,15523000,01,0155,015523
101,Malasiqui,15524000,01,0155,015524
102,Manaoag,15525000,01,0155,015525
103,Mangaldan,15526000,01,0155,015526
104,Mangatarem,15527000,01,0155,015527
105,Mapandan,15528000,01,0155,015528
106,Natividad,15529000,01,0155,015529
107,Pozorrubio,15530000,01,0155,015530
108,Rosales,15531000,01,0155,015531
109,City of San Carlos,15532000,01,0155,015532
110,San Fabian,15533000,01,0155,015533
111,San Jacinto,15534000,01,0155,015534
112,San Manuel,15535000,01,0155,015535
113,San Nicolas,15536000,01,0155,015536
114,San Quintin,15537000,01,0155,015537
115,Santa Barbara,15538000,01,0155,015538
116,Santa Maria,15539000,01,0155,015539
117,Santo Tomas,15540000,01,0155,015540
118,Sison,15541000,01,0155,015541
119,Sual,15542000,01,0155,015542
120,Tayug,15543000,01,0155,015543
121,Umingan,15544000,01,0155,015544
122,Urbiztondo,15545000,01,0155,015545
123,City of Urdaneta,15546000,01,0155,015546
124,Villasis,15547000,01,0155,015547
125,Laoac,15548000,01,0155,015548
126,Basco (Capital),20901000,02,0209,020901
127,Itbayat,20902000,02,0209,020902
128,Ivana,20903000,02,0209,020903
129,Mahatao,20904000,02,0209,020904
130,Sabtang,20905000,02,0209,020905
131,Uyugan,20906000,02,0209,020906
132,Abulug,21501000,02,0215,021501
133,Alcala,21502000,02,0215,021502
134,Allacapan,21503000,02,0215,021503
135,Amulung,21504000,02,0215,021504
136,Aparri,21505000,02,0215,021505
137,Baggao,21506000,02,0215,021506
138,Ballesteros,21507000,02,0215,021507
139,Buguey,21508000,02,0215,021508
140,Calayan,21509000,02,0215,021509
141,Camalaniugan,21510000,02,0215,021510
142,Claveria,21511000,02,0215,021511
143,Enrile,21512000,02,0215,021512
144,Gattaran,21513000,02,0215,021513
145,Gonzaga,21514000,02,0215,021514
146,Iguig,21515000,02,0215,021515
147,Lal-Lo,21516000,02,0215,021516
148,Lasam,21517000,02,0215,021517
149,Pamplona,21518000,02,0215,021518
150,Peñablanca,21519000,02,0215,021519
151,Piat,21520000,02,0215,021520
152,Rizal,21521000,02,0215,021521
153,Sanchez-Mira,21522000,02,0215,021522
154,Santa Ana,21523000,02,0215,021523
155,Santa Praxedes,21524000,02,0215,021524
156,Santa Teresita,21525000,02,0215,021525
157,Santo Niño,21526000,02,0215,021526
158,Solana,21527000,02,0215,021527
159,Tuao,21528000,02,0215,021528
160,Tuguegarao City (Capital),21529000,02,0215,021529
161,Alicia,23101000,02,0231,023101
162,Angadanan,23102000,02,0231,023102
163,Aurora,23103000,02,0231,023103
164,Benito Soliven,23104000,02,0231,023104
165,Burgos,23105000,02,0231,023105
166,Cabagan,23106000,02,0231,023106
167,Cabatuan,23107000,02,0231,023107
168,City of Cauayan,23108000,02,0231,023108
169,Cordon,23109000,02,0231,023109
170,Dinapigue,23110000,02,0231,023110
171,Divilacan,23111000,02,0231,023111
172,Echague,23112000,02,0231,023112
173,Gamu,23113000,02,0231,023113
174,City of Ilagan (Capital),23114000,02,0231,023114
175,Jones,23115000,02,0231,023115
176,Luna,23116000,02,0231,023116
177,Maconacon,23117000,02,0231,023117
178,Delfin Albano,23118000,02,0231,023118
179,Mallig,23119000,02,0231,023119
180,Naguilian,23120000,02,0231,023120
181,Palanan,23121000,02,0231,023121
182,Quezon,23122000,02,0231,023122
183,Quirino,23123000,02,0231,023123
184,Ramon,23124000,02,0231,023124
185,Reina Mercedes,23125000,02,0231,023125
186,Roxas,23126000,02,0231,023126
187,San Agustin,23127000,02,0231,023127
188,San Guillermo,23128000,02,0231,023128
189,San Isidro,23129000,02,0231,023129
190,San Manuel,23130000,02,0231,023130
191,San Mariano,23131000,02,0231,023131
192,San Mateo,23132000,02,0231,023132
193,San Pablo,23133000,02,0231,023133
194,Santa Maria,23134000,02,0231,023134
195,City of Santiago,23135000,02,0231,023135
196,Santo Tomas,23136000,02,0231,023136
197,Tumauini,23137000,02,0231,023137
198,Ambaguio,25001000,02,0250,025001
199,Aritao,25002000,02,0250,025002
200,Bagabag,25003000,02,0250,025003
201,Bambang,25004000,02,0250,025004
202,Bayombong (Capital),25005000,02,0250,025005
203,Diadi,25006000,02,0250,025006
204,Dupax del Norte,25007000,02,0250,025007
205,Dupax del Sur,25008000,02,0250,025008
206,Kasibu,25009000,02,0250,025009
207,Kayapa,25010000,02,0250,025010
208,Quezon,25011000,02,0250,025011
209,Santa Fe,25012000,02,0250,025012
210,Solano,25013000,02,0250,025013
211,Villaverde,25014000,02,0250,025014
212,Alfonso Castaneda,25015000,02,0250,025015
213,Aglipay,25701000,02,0257,025701
214,Cabarroguis (Capital),25702000,02,0257,025702
215,Diffun,25703000,02,0257,025703
216,Maddela,25704000,02,0257,025704
217,Saguday,25705000,02,0257,025705
218,Nagtipunan,25706000,02,0257,025706
219,Abucay,30801000,03,0308,030801
220,Bagac,30802000,03,0308,030802
221,City of Balanga (Capital),30803000,03,0308,030803
222,Dinalupihan,30804000,03,0308,030804
223,Hermosa,30805000,03,0308,030805
224,Limay,30806000,03,0308,030806
225,Mariveles,30807000,03,0308,030807
226,Morong,30808000,03,0308,030808
227,Orani,30809000,03,0308,030809
228,Orion,30810000,03,0308,030810
229,Pilar,30811000,03,0308,030811
230,Samal,30812000,03,0308,030812
231,Angat,31401000,03,0314,031401
232,Balagtas,31402000,03,0314,031402
233,Baliuag,31403000,03,0314,031403
234,Bocaue,31404000,03,0314,031404
235,Bulacan,31405000,03,0314,031405
236,Bustos,31406000,03,0314,031406
237,Calumpit,31407000,03,0314,031407
238,Guiguinto,31408000,03,0314,031408
239,Hagonoy,31409000,03,0314,031409
240,City of Malolos (Capital),31410000,03,0314,031410
241,Marilao,31411000,03,0314,031411
242,City of Meycauayan,31412000,03,0314,031412
243,Norzagaray,31413000,03,0314,031413
244,Obando,31414000,03,0314,031414
245,Pandi,31415000,03,0314,031415
246,Paombong,31416000,03,0314,031416
247,Plaridel,31417000,03,0314,031417
248,Pulilan,31418000,03,0314,031418
249,San Ildefonso,31419000,03,0314,031419
250,City of San Jose Del Monte,31420000,03,0314,031420
251,San Miguel,31421000,03,0314,031421
252,San Rafael,31422000,03,0314,031422
253,Santa Maria,31423000,03,0314,031423
254,Doña Remedios Trinidad,31424000,03,0314,031424
255,Aliaga,34901000,03,0349,034901
256,Bongabon,34902000,03,0349,034902
257,City of Cabanatuan,34903000,03,0349,034903
258,Cabiao,34904000,03,0349,034904
259,Carranglan,34905000,03,0349,034905
260,Cuyapo,34906000,03,0349,034906
261,Gabaldon,34907000,03,0349,034907
262,City of Gapan,34908000,03,0349,034908
263,General Mamerto Natividad,34909000,03,0349,034909
264,General Tinio,34910000,03,0349,034910
265,Guimba,34911000,03,0349,034911
266,Jaen,34912000,03,0349,034912
267,Laur,34913000,03,0349,034913
268,Licab,34914000,03,0349,034914
269,Llanera,34915000,03,0349,034915
270,Lupao,34916000,03,0349,034916
271,Science City of Muñoz,34917000,03,0349,034917
272,Nampicuan,34918000,03,0349,034918
273,City of Palayan (Capital),34919000,03,0349,034919
274,Pantabangan,34920000,03,0349,034920
275,Peñaranda,34921000,03,0349,034921
276,Quezon,34922000,03,0349,034922
277,Rizal,34923000,03,0349,034923
278,San Antonio,34924000,03,0349,034924
279,San Isidro,34925000,03,0349,034925
280,San Jose City,34926000,03,0349,034926
281,San Leonardo,34927000,03,0349,034927
282,Santa Rosa,34928000,03,0349,034928
283,Santo Domingo,34929000,03,0349,034929
284,Talavera,34930000,03,0349,034930
285,Talugtug,34931000,03,0349,034931
286,Zaragoza,34932000,03,0349,034932
287,City of Angeles,35401000,03,0354,035401
288,Apalit,35402000,03,0354,035402
289,Arayat,35403000,03,0354,035403
290,Bacolor,35404000,03,0354,035404
291,Candaba,35405000,03,0354,035405
292,Floridablanca,35406000,03,0354,035406
293,Guagua,35407000,03,0354,035407
294,Lubao,35408000,03,0354,035408
295,Mabalacat City,35409000,03,0354,035409
296,Macabebe,35410000,03,0354,035410
297,Magalang,35411000,03,0354,035411
298,Masantol,35412000,03,0354,035412
299,Mexico,35413000,03,0354,035413
300,Minalin,35414000,03,0354,035414
301,Porac,35415000,03,0354,035415
302,City of San Fernando (Capital),35416000,03,0354,035416
303,San Luis,35417000,03,0354,035417
304,San Simon,35418000,03,0354,035418
305,Santa Ana,35419000,03,0354,035419
306,Santa Rita,35420000,03,0354,035420
307,Sto. Tomas,35421000,03,0354,035421
308,Sasmuan,35422000,03,0354,035422
309,Anao,36901000,03,0369,036901
310,Bamban,36902000,03,0369,036902
311,Camiling,36903000,03,0369,036903
312,Capas,36904000,03,0369,036904
313,Concepcion,36905000,03,0369,036905
314,Gerona,36906000,03,0369,036906
315,La Paz,36907000,03,0369,036907
316,Mayantoc,36908000,03,0369,036908
317,Moncada,36909000,03,0369,036909
318,Paniqui,36910000,03,0369,036910
319,Pura,36911000,03,0369,036911
320,Ramos,36912000,03,0369,036912
321,San Clemente,36913000,03,0369,036913
322,San Manuel,36914000,03,0369,036914
323,Santa Ignacia,36915000,03,0369,036915
324,City of Tarlac (Capital),36916000,03,0369,036916
325,Victoria,36917000,03,0369,036917
326,San Jose,36918000,03,0369,036918
327,Botolan,37101000,03,0371,037101
328,Cabangan,37102000,03,0371,037102
329,Candelaria,37103000,03,0371,037103
330,Castillejos,37104000,03,0371,037104
331,Iba (Capital),37105000,03,0371,037105
332,Masinloc,37106000,03,0371,037106
333,City of Olongapo,37107000,03,0371,037107
334,Palauig,37108000,03,0371,037108
335,San Antonio,37109000,03,0371,037109
336,San Felipe,37110000,03,0371,037110
337,San Marcelino,37111000,03,0371,037111
338,San Narciso,37112000,03,0371,037112
339,Santa Cruz,37113000,03,0371,037113
340,Subic,37114000,03,0371,037114
341,Baler (Capital),37701000,03,0377,037701
342,Casiguran,37702000,03,0377,037702
343,Dilasag,37703000,03,0377,037703
344,Dinalungan,37704000,03,0377,037704
345,Dingalan,37705000,03,0377,037705
346,Dipaculao,37706000,03,0377,037706
347,Maria Aurora,37707000,03,0377,037707
348,San Luis,37708000,03,0377,037708
349,Agoncillo,41001000,04,0410,041001
350,Alitagtag,41002000,04,0410,041002
351,Balayan,41003000,04,0410,041003
352,Balete,41004000,04,0410,041004
353,Batangas City (Capital),41005000,04,0410,041005
354,Bauan,41006000,04,0410,041006
355,Calaca,41007000,04,0410,041007
356,Calatagan,41008000,04,0410,041008
357,Cuenca,41009000,04,0410,041009
358,Ibaan,41010000,04,0410,041010
359,Laurel,41011000,04,0410,041011
360,Lemery,41012000,04,0410,041012
361,Lian,41013000,04,0410,041013
362,City of Lipa,41014000,04,0410,041014
363,Lobo,41015000,04,0410,041015
364,Mabini,41016000,04,0410,041016
365,Malvar,41017000,04,0410,041017
366,Mataasnakahoy,41018000,04,0410,041018
367,Nasugbu,41019000,04,0410,041019
368,Padre Garcia,41020000,04,0410,041020
369,Rosario,41021000,04,0410,041021
370,San Jose,41022000,04,0410,041022
371,San Juan,41023000,04,0410,041023
372,San Luis,41024000,04,0410,041024
373,San Nicolas,41025000,04,0410,041025
374,San Pascual,41026000,04,0410,041026
375,Santa Teresita,41027000,04,0410,041027
376,City of Sto. Tomas,41028000,04,0410,041028
377,Taal,41029000,04,0410,041029
378,Talisay,41030000,04,0410,041030
379,City of Tanauan,41031000,04,0410,041031
380,Taysan,41032000,04,0410,041032
381,Tingloy,41033000,04,0410,041033
382,Tuy,41034000,04,0410,041034
383,Alfonso,42101000,04,0421,042101
384,Amadeo,42102000,04,0421,042102
385,City of Bacoor,42103000,04,0421,042103
386,Carmona,42104000,04,0421,042104
387,City of Cavite,42105000,04,0421,042105
388,City of Dasmariñas,42106000,04,0421,042106
389,General Emilio Aguinaldo,42107000,04,0421,042107
390,City of General Trias,42108000,04,0421,042108
391,City of Imus,42109000,04,0421,042109
392,Indang,42110000,04,0421,042110
393,Kawit,42111000,04,0421,042111
394,Magallanes,42112000,04,0421,042112
395,Maragondon,42113000,04,0421,042113
396,Mendez,42114000,04,0421,042114
397,Naic,42115000,04,0421,042115
398,Noveleta,42116000,04,0421,042116
399,Rosario,42117000,04,0421,042117
400,Silang,42118000,04,0421,042118
401,City of Tagaytay,42119000,04,0421,042119
402,Tanza,42120000,04,0421,042120
403,Ternate,42121000,04,0421,042121
404,City of Trece Martires (Capital),42122000,04,0421,042122
405,Gen. Mariano Alvarez,42123000,04,0421,042123
406,Alaminos,43401000,04,0434,043401
407,Bay,43402000,04,0434,043402
408,City of Biñan,43403000,04,0434,043403
409,City of Cabuyao,43404000,04,0434,043404
410,City of Calamba,43405000,04,0434,043405
411,Calauan,43406000,04,0434,043406
412,Cavinti,43407000,04,0434,043407
413,Famy,43408000,04,0434,043408
414,Kalayaan,43409000,04,0434,043409
415,Liliw,43410000,04,0434,043410
416,Los Baños,43411000,04,0434,043411
417,Luisiana,43412000,04,0434,043412
418,Lumban,43413000,04,0434,043413
419,Mabitac,43414000,04,0434,043414
420,Magdalena,43415000,04,0434,043415
421,Majayjay,43416000,04,0434,043416
422,Nagcarlan,43417000,04,0434,043417
423,Paete,43418000,04,0434,043418
424,Pagsanjan,43419000,04,0434,043419
425,Pakil,43420000,04,0434,043420
426,Pangil,43421000,04,0434,043421
427,Pila,43422000,04,0434,043422
428,Rizal,43423000,04,0434,043423
429,City of San Pablo,43424000,04,0434,043424
430,City of San Pedro,43425000,04,0434,043425
431,Santa Cruz (Capital),43426000,04,0434,043426
432,Santa Maria,43427000,04,0434,043427
433,City of Santa Rosa,43428000,04,0434,043428
434,Siniloan,43429000,04,0434,043429
435,Victoria,43430000,04,0434,043430
436,Agdangan,45601000,04,0456,045601
437,Alabat,45602000,04,0456,045602
438,Atimonan,45603000,04,0456,045603
439,Buenavista,45605000,04,0456,045605
440,Burdeos,45606000,04,0456,045606
441,Calauag,45607000,04,0456,045607
442,Candelaria,45608000,04,0456,045608
443,Catanauan,45610000,04,0456,045610
444,Dolores,45615000,04,0456,045615
445,General Luna,45616000,04,0456,045616
446,General Nakar,45617000,04,0456,045617
447,Guinayangan,45618000,04,0456,045618
448,Gumaca,45619000,04,0456,045619
449,Infanta,45620000,04,0456,045620
450,Jomalig,45621000,04,0456,045621
451,Lopez,45622000,04,0456,045622
452,Lucban,45623000,04,0456,045623
453,City of Lucena (Capital),45624000,04,0456,045624
454,Macalelon,45625000,04,0456,045625
455,Mauban,45627000,04,0456,045627
456,Mulanay,45628000,04,0456,045628
457,Padre Burgos,45629000,04,0456,045629
458,Pagbilao,45630000,04,0456,045630
459,Panukulan,45631000,04,0456,045631
460,Patnanungan,45632000,04,0456,045632
461,Perez,45633000,04,0456,045633
462,Pitogo,45634000,04,0456,045634
463,Plaridel,45635000,04,0456,045635
464,Polillo,45636000,04,0456,045636
465,Quezon,45637000,04,0456,045637
466,Real,45638000,04,0456,045638
467,Sampaloc,45639000,04,0456,045639
468,San Andres,45640000,04,0456,045640
469,San Antonio,45641000,04,0456,045641
470,San Francisco,45642000,04,0456,045642
471,San Narciso,45644000,04,0456,045644
472,Sariaya,45645000,04,0456,045645
473,Tagkawayan,45646000,04,0456,045646
474,City of Tayabas,45647000,04,0456,045647
475,Tiaong,45648000,04,0456,045648
476,Unisan,45649000,04,0456,045649
477,Angono,45801000,04,0458,045801
478,City of Antipolo (Capital),45802000,04,0458,045802
479,Baras,45803000,04,0458,045803
480,Binangonan,45804000,04,0458,045804
481,Cainta,45805000,04,0458,045805
482,Cardona,45806000,04,0458,045806
483,Jala-Jala,45807000,04,0458,045807
484,Rodriguez,45808000,04,0458,045808
485,Morong,45809000,04,0458,045809
486,Pililla,45810000,04,0458,045810
487,San Mateo,45811000,04,0458,045811
488,Tanay,45812000,04,0458,045812
489,Taytay,45813000,04,0458,045813
490,Teresa,45814000,04,0458,045814
491,Boac (Capital),174001000,17,1740,174001
492,Buenavista,174002000,17,1740,174002
493,Gasan,174003000,17,1740,174003
494,Mogpog,174004000,17,1740,174004
495,Santa Cruz,174005000,17,1740,174005
496,Torrijos,174006000,17,1740,174006
497,Abra De Ilog,175101000,17,1751,175101
498,Calintaan,175102000,17,1751,175102
499,Looc,175103000,17,1751,175103
500,Lubang,175104000,17,1751,175104
501,Magsaysay,175105000,17,1751,175105
502,Mamburao (Capital),175106000,17,1751,175106
503,Paluan,175107000,17,1751,175107
504,Rizal,175108000,17,1751,175108
505,Sablayan,175109000,17,1751,175109
506,San Jose,175110000,17,1751,175110
507,Santa Cruz,175111000,17,1751,175111
508,Baco,175201000,17,1752,175201
509,Bansud,175202000,17,1752,175202
510,Bongabong,175203000,17,1752,175203
511,Bulalacao,175204000,17,1752,175204
512,City of Calapan (Capital),175205000,17,1752,175205
513,Gloria,175206000,17,1752,175206
514,Mansalay,175207000,17,1752,175207
515,Naujan,175208000,17,1752,175208
516,Pinamalayan,175209000,17,1752,175209
517,Pola,175210000,17,1752,175210
518,Puerto Galera,175211000,17,1752,175211
519,Roxas,175212000,17,1752,175212
520,San Teodoro,175213000,17,1752,175213
521,Socorro,175214000,17,1752,175214
522,Victoria,175215000,17,1752,175215
523,Aborlan,175301000,17,1753,175301
524,Agutaya,175302000,17,1753,175302
525,Araceli,175303000,17,1753,175303
526,Balabac,175304000,17,1753,175304
527,Bataraza,175305000,17,1753,175305
528,Brooke'S Point,175306000,17,1753,175306
529,Busuanga,175307000,17,1753,175307
530,Cagayancillo,175308000,17,1753,175308
531,Coron,175309000,17,1753,175309
532,Cuyo,175310000,17,1753,175310
533,Dumaran,175311000,17,1753,175311
534,El Nido,175312000,17,1753,175312
535,Linapacan,175313000,17,1753,175313
536,Magsaysay,175314000,17,1753,175314
537,Narra,175315000,17,1753,175315
538,City of Puerto Princesa (Capital),175316000,17,1753,175316
539,Quezon,175317000,17,1753,175317
540,Roxas,175318000,17,1753,175318
541,San Vicente,175319000,17,1753,175319
542,Taytay,175320000,17,1753,175320
543,Kalayaan,175321000,17,1753,175321
544,Culion,175322000,17,1753,175322
545,Rizal,175323000,17,1753,175323
546,Sofronio Española,175324000,17,1753,175324
547,Alcantara,175901000,17,1759,175901
548,Banton,175902000,17,1759,175902
549,Cajidiocan,175903000,17,1759,175903
550,Calatrava,175904000,17,1759,175904
551,Concepcion,175905000,17,1759,175905
552,Corcuera,175906000,17,1759,175906
553,Looc,175907000,17,1759,175907
554,Magdiwang,175908000,17,1759,175908
555,Odiongan,175909000,17,1759,175909
556,Romblon (Capital),175910000,17,1759,175910
557,San Agustin,175911000,17,1759,175911
558,San Andres,175912000,17,1759,175912
559,San Fernando,175913000,17,1759,175913
560,San Jose,175914000,17,1759,175914
561,Santa Fe,175915000,17,1759,175915
562,Ferrol,175916000,17,1759,175916
563,Santa Maria,175917000,17,1759,175917
564,Bacacay,50501000,05,0505,050501
565,Camalig,50502000,05,0505,050502
566,Daraga,50503000,05,0505,050503
567,Guinobatan,50504000,05,0505,050504
568,Jovellar,50505000,05,0505,050505
569,City of Legazpi (Capital),50506000,05,0505,050506
570,Libon,50507000,05,0505,050507
571,City of Ligao,50508000,05,0505,050508
572,Malilipot,50509000,05,0505,050509
573,Malinao,50510000,05,0505,050510
574,Manito,50511000,05,0505,050511
575,Oas,50512000,05,0505,050512
576,Pio Duran,50513000,05,0505,050513
577,Polangui,50514000,05,0505,050514
578,Rapu-Rapu,50515000,05,0505,050515
579,Santo Domingo,50516000,05,0505,050516
580,City of Tabaco,50517000,05,0505,050517
581,Tiwi,50518000,05,0505,050518
582,Basud,51601000,05,0516,051601
583,Capalonga,51602000,05,0516,051602
584,Daet (Capital),51603000,05,0516,051603
585,San Lorenzo Ruiz,51604000,05,0516,051604
586,Jose Panganiban,51605000,05,0516,051605
587,Labo,51606000,05,0516,051606
588,Mercedes,51607000,05,0516,051607
589,Paracale,51608000,05,0516,051608
590,San Vicente,51609000,05,0516,051609
591,Santa Elena,51610000,05,0516,051610
592,Talisay,51611000,05,0516,051611
593,Vinzons,51612000,05,0516,051612
594,Baao,51701000,05,0517,051701
595,Balatan,51702000,05,0517,051702
596,Bato,51703000,05,0517,051703
597,Bombon,51704000,05,0517,051704
598,Buhi,51705000,05,0517,051705
599,Bula,51706000,05,0517,051706
600,Cabusao,51707000,05,0517,051707
601,Calabanga,51708000,05,0517,051708
602,Camaligan,51709000,05,0517,051709
603,Canaman,51710000,05,0517,051710
604,Caramoan,51711000,05,0517,051711
605,Del Gallego,51712000,05,0517,051712
606,Gainza,51713000,05,0517,051713
607,Garchitorena,51714000,05,0517,051714
608,Goa,51715000,05,0517,051715
609,City of Iriga,51716000,05,0517,051716
610,Lagonoy,51717000,05,0517,051717
611,Libmanan,51718000,05,0517,051718
612,Lupi,51719000,05,0517,051719
613,Magarao,51720000,05,0517,051720
614,Milaor,51721000,05,0517,051721
615,Minalabac,51722000,05,0517,051722
616,Nabua,51723000,05,0517,051723
617,City of Naga,51724000,05,0517,051724
618,Ocampo,51725000,05,0517,051725
619,Pamplona,51726000,05,0517,051726
620,Pasacao,51727000,05,0517,051727
621,Pili (Capital),51728000,05,0517,051728
622,Presentacion,51729000,05,0517,051729
623,Ragay,51730000,05,0517,051730
624,Sagñay,51731000,05,0517,051731
625,San Fernando,51732000,05,0517,051732
626,San Jose,51733000,05,0517,051733
627,Sipocot,51734000,05,0517,051734
628,Siruma,51735000,05,0517,051735
629,Tigaon,51736000,05,0517,051736
630,Tinambac,51737000,05,0517,051737
631,Bagamanoc,52001000,05,0520,052001
632,Baras,52002000,05,0520,052002
633,Bato,52003000,05,0520,052003
634,Caramoran,52004000,05,0520,052004
635,Gigmoto,52005000,05,0520,052005
636,Pandan,52006000,05,0520,052006
637,Panganiban,52007000,05,0520,052007
638,San Andres,52008000,05,0520,052008
639,San Miguel,52009000,05,0520,052009
640,Viga,52010000,05,0520,052010
641,Virac (Capital),52011000,05,0520,052011
642,Aroroy,54101000,05,0541,054101
643,Baleno,54102000,05,0541,054102
644,Balud,54103000,05,0541,054103
645,Batuan,54104000,05,0541,054104
646,Cataingan,54105000,05,0541,054105
647,Cawayan,54106000,05,0541,054106
648,Claveria,54107000,05,0541,054107
649,Dimasalang,54108000,05,0541,054108
650,Esperanza,54109000,05,0541,054109
651,Mandaon,54110000,05,0541,054110
652,City of Masbate (Capital),54111000,05,0541,054111
653,Milagros,54112000,05,0541,054112
654,Mobo,54113000,05,0541,054113
655,Monreal,54114000,05,0541,054114
656,Palanas,54115000,05,0541,054115
657,Pio V. Corpuz,54116000,05,0541,054116
658,Placer,54117000,05,0541,054117
659,San Fernando,54118000,05,0541,054118
660,San Jacinto,54119000,05,0541,054119
661,San Pascual,54120000,05,0541,054120
662,Uson,54121000,05,0541,054121
663,Barcelona,56202000,05,0562,056202
664,Bulan,56203000,05,0562,056203
665,Bulusan,56204000,05,0562,056204
666,Casiguran,56205000,05,0562,056205
667,Castilla,56206000,05,0562,056206
668,Donsol,56207000,05,0562,056207
669,Gubat,56208000,05,0562,056208
670,Irosin,56209000,05,0562,056209
671,Juban,56210000,05,0562,056210
672,Magallanes,56211000,05,0562,056211
673,Matnog,56212000,05,0562,056212
674,Pilar,56213000,05,0562,056213
675,Prieto Diaz,56214000,05,0562,056214
676,Santa Magdalena,56215000,05,0562,056215
677,City of Sorsogon (Capital),56216000,05,0562,056216
678,Altavas,60401000,06,0604,060401
679,Balete,60402000,06,0604,060402
680,Banga,60403000,06,0604,060403
681,Batan,60404000,06,0604,060404
682,Buruanga,60405000,06,0604,060405
683,Ibajay,60406000,06,0604,060406
684,Kalibo (Capital),60407000,06,0604,060407
685,Lezo,60408000,06,0604,060408
686,Libacao,60409000,06,0604,060409
687,Madalag,60410000,06,0604,060410
688,Makato,60411000,06,0604,060411
689,Malay,60412000,06,0604,060412
690,Malinao,60413000,06,0604,060413
691,Nabas,60414000,06,0604,060414
692,New Washington,60415000,06,0604,060415
693,Numancia,60416000,06,0604,060416
694,Tangalan,60417000,06,0604,060417
695,Anini-Y,60601000,06,0606,060601
696,Barbaza,60602000,06,0606,060602
697,Belison,60603000,06,0606,060603
698,Bugasong,60604000,06,0606,060604
699,Caluya,60605000,06,0606,060605
700,Culasi,60606000,06,0606,060606
701,Tobias Fornier,60607000,06,0606,060607
702,Hamtic,60608000,06,0606,060608
703,Laua-An,60609000,06,0606,060609
704,Libertad,60610000,06,0606,060610
705,Pandan,60611000,06,0606,060611
706,Patnongon,60612000,06,0606,060612
707,San Jose (Capital),60613000,06,0606,060613
708,San Remigio,60614000,06,0606,060614
709,Sebaste,60615000,06,0606,060615
710,Sibalom,60616000,06,0606,060616
711,Tibiao,60617000,06,0606,060617
712,Valderrama,60618000,06,0606,060618
713,Cuartero,61901000,06,0619,061901
714,Dao,61902000,06,0619,061902
715,Dumalag,61903000,06,0619,061903
716,Dumarao,61904000,06,0619,061904
717,Ivisan,61905000,06,0619,061905
718,Jamindan,61906000,06,0619,061906
719,Ma-Ayon,61907000,06,0619,061907
720,Mambusao,61908000,06,0619,061908
721,Panay,61909000,06,0619,061909
722,Panitan,61910000,06,0619,061910
723,Pilar,61911000,06,0619,061911
724,Pontevedra,61912000,06,0619,061912
725,President Roxas,61913000,06,0619,061913
726,City of Roxas (Capital),61914000,06,0619,061914
727,Sapi-An,61915000,06,0619,061915
728,Sigma,61916000,06,0619,061916
729,Tapaz,61917000,06,0619,061917
730,Ajuy,63001000,06,0630,063001
731,Alimodian,63002000,06,0630,063002
732,Anilao,63003000,06,0630,063003
733,Badiangan,63004000,06,0630,063004
734,Balasan,63005000,06,0630,063005
735,Banate,63006000,06,0630,063006
736,Barotac Nuevo,63007000,06,0630,063007
737,Barotac Viejo,63008000,06,0630,063008
738,Batad,63009000,06,0630,063009
739,Bingawan,63010000,06,0630,063010
740,Cabatuan,63012000,06,0630,063012
741,Calinog,63013000,06,0630,063013
742,Carles,63014000,06,0630,063014
743,Concepcion,63015000,06,0630,063015
744,Dingle,63016000,06,0630,063016
745,Dueñas,63017000,06,0630,063017
746,Dumangas,63018000,06,0630,063018
747,Estancia,63019000,06,0630,063019
748,Guimbal,63020000,06,0630,063020
749,Igbaras,63021000,06,0630,063021
750,City of Iloilo (Capital),63022000,06,0630,063022
751,Janiuay,63023000,06,0630,063023
752,Lambunao,63025000,06,0630,063025
753,Leganes,63026000,06,0630,063026
754,Lemery,63027000,06,0630,063027
755,Leon,63028000,06,0630,063028
756,Maasin,63029000,06,0630,063029
757,Miagao,63030000,06,0630,063030
758,Mina,63031000,06,0630,063031
759,New Lucena,63032000,06,0630,063032
760,Oton,63034000,06,0630,063034
761,City of Passi,63035000,06,0630,063035
762,Pavia,63036000,06,0630,063036
763,Pototan,63037000,06,0630,063037
764,San Dionisio,63038000,06,0630,063038
765,San Enrique,63039000,06,0630,063039
766,San Joaquin,63040000,06,0630,063040
767,San Miguel,63041000,06,0630,063041
768,San Rafael,63042000,06,0630,063042
769,Santa Barbara,63043000,06,0630,063043
770,Sara,63044000,06,0630,063044
771,Tigbauan,63045000,06,0630,063045
772,Tubungan,63046000,06,0630,063046
773,Zarraga,63047000,06,0630,063047
774,City of Bacolod (Capital),64501000,06,0645,064501
775,City of Bago,64502000,06,0645,064502
776,Binalbagan,64503000,06,0645,064503
777,City of Cadiz,64504000,06,0645,064504
778,Calatrava,64505000,06,0645,064505
779,Candoni,64506000,06,0645,064506
780,Cauayan,64507000,06,0645,064507
781,Enrique B. Magalona,64508000,06,0645,064508
782,City of Escalante,64509000,06,0645,064509
783,City of Himamaylan,64510000,06,0645,064510
784,Hinigaran,64511000,06,0645,064511
785,Hinoba-an,64512000,06,0645,064512
786,Ilog,64513000,06,0645,064513
787,Isabela,64514000,06,0645,064514
788,City of Kabankalan,64515000,06,0645,064515
789,City of La Carlota,64516000,06,0645,064516
790,La Castellana,64517000,06,0645,064517
791,Manapla,64518000,06,0645,064518
792,Moises Padilla,64519000,06,0645,064519
793,Murcia,64520000,06,0645,064520
794,Pontevedra,64521000,06,0645,064521
795,Pulupandan,64522000,06,0645,064522
796,City of Sagay,64523000,06,0645,064523
797,City of San Carlos,64524000,06,0645,064524
798,San Enrique,64525000,06,0645,064525
799,City of Silay,64526000,06,0645,064526
800,City of Sipalay,64527000,06,0645,064527
801,City of Talisay,64528000,06,0645,064528
802,Toboso,64529000,06,0645,064529
803,Valladolid,64530000,06,0645,064530
804,City of Victorias,64531000,06,0645,064531
805,Salvador Benedicto,64532000,06,0645,064532
806,Buenavista,67901000,06,0679,067901
807,Jordan (Capital),67902000,06,0679,067902
808,Nueva Valencia,67903000,06,0679,067903
809,San Lorenzo,67904000,06,0679,067904
810,Sibunag,67905000,06,0679,067905
811,Alburquerque,71201000,07,0712,071201
812,Alicia,71202000,07,0712,071202
813,Anda,71203000,07,0712,071203
814,Antequera,71204000,07,0712,071204
815,Baclayon,71205000,07,0712,071205
816,Balilihan,71206000,07,0712,071206
817,Batuan,71207000,07,0712,071207
818,Bilar,71208000,07,0712,071208
819,Buenavista,71209000,07,0712,071209
820,Calape,71210000,07,0712,071210
821,Candijay,71211000,07,0712,071211
822,Carmen,71212000,07,0712,071212
823,Catigbian,71213000,07,0712,071213
824,Clarin,71214000,07,0712,071214
825,Corella,71215000,07,0712,071215
826,Cortes,71216000,07,0712,071216
827,Dagohoy,71217000,07,0712,071217
828,Danao,71218000,07,0712,071218
829,Dauis,71219000,07,0712,071219
830,Dimiao,71220000,07,0712,071220
831,Duero,71221000,07,0712,071221
832,Garcia Hernandez,71222000,07,0712,071222
833,Guindulman,71223000,07,0712,071223
834,Inabanga,71224000,07,0712,071224
835,Jagna,71225000,07,0712,071225
836,Getafe,71226000,07,0712,071226
837,Lila,71227000,07,0712,071227
838,Loay,71228000,07,0712,071228
839,Loboc,71229000,07,0712,071229
840,Loon,71230000,07,0712,071230
841,Mabini,71231000,07,0712,071231
842,Maribojoc,71232000,07,0712,071232
843,Panglao,71233000,07,0712,071233
844,Pilar,71234000,07,0712,071234
845,President Carlos P. Garcia,71235000,07,0712,071235
846,Sagbayan,71236000,07,0712,071236
847,San Isidro,71237000,07,0712,071237
848,San Miguel,71238000,07,0712,071238
849,Sevilla,71239000,07,0712,071239
850,Sierra Bullones,71240000,07,0712,071240
851,Sikatuna,71241000,07,0712,071241
852,City of Tagbilaran (Capital),71242000,07,0712,071242
853,Talibon,71243000,07,0712,071243
854,Trinidad,71244000,07,0712,071244
855,Tubigon,71245000,07,0712,071245
856,Ubay,71246000,07,0712,071246
857,Valencia,71247000,07,0712,071247
858,Bien Unido,71248000,07,0712,071248
859,Alcantara,72201000,07,0722,072201
860,Alcoy,72202000,07,0722,072202
861,Alegria,72203000,07,0722,072203
862,Aloguinsan,72204000,07,0722,072204
863,Argao,72205000,07,0722,072205
864,Asturias,72206000,07,0722,072206
865,Badian,72207000,07,0722,072207
866,Balamban,72208000,07,0722,072208
867,Bantayan,72209000,07,0722,072209
868,Barili,72210000,07,0722,072210
869,City of Bogo,72211000,07,0722,072211
870,Boljoon,72212000,07,0722,072212
871,Borbon,72213000,07,0722,072213
872,City of Carcar,72214000,07,0722,072214
873,Carmen,72215000,07,0722,072215
874,Catmon,72216000,07,0722,072216
875,City of Cebu (Capital),72217000,07,0722,072217
876,Compostela,72218000,07,0722,072218
877,Consolacion,72219000,07,0722,072219
878,Cordova,72220000,07,0722,072220
879,Daanbantayan,72221000,07,0722,072221
880,Dalaguete,72222000,07,0722,072222
881,Danao City,72223000,07,0722,072223
882,Dumanjug,72224000,07,0722,072224
883,Ginatilan,72225000,07,0722,072225
884,City of Lapu-Lapu,72226000,07,0722,072226
885,Liloan,72227000,07,0722,072227
886,Madridejos,72228000,07,0722,072228
887,Malabuyoc,72229000,07,0722,072229
888,City of Mandaue,72230000,07,0722,072230
889,Medellin,72231000,07,0722,072231
890,Minglanilla,72232000,07,0722,072232
891,Moalboal,72233000,07,0722,072233
892,City of Naga,72234000,07,0722,072234
893,Oslob,72235000,07,0722,072235
894,Pilar,72236000,07,0722,072236
895,Pinamungajan,72237000,07,0722,072237
896,Poro,72238000,07,0722,072238
897,Ronda,72239000,07,0722,072239
898,Samboan,72240000,07,0722,072240
899,San Fernando,72241000,07,0722,072241
900,San Francisco,72242000,07,0722,072242
901,San Remigio,72243000,07,0722,072243
902,Santa Fe,72244000,07,0722,072244
903,Santander,72245000,07,0722,072245
904,Sibonga,72246000,07,0722,072246
905,Sogod,72247000,07,0722,072247
906,Tabogon,72248000,07,0722,072248
907,Tabuelan,72249000,07,0722,072249
908,City of Talisay,72250000,07,0722,072250
909,City of Toledo,72251000,07,0722,072251
910,Tuburan,72252000,07,0722,072252
911,Tudela,72253000,07,0722,072253
912,Amlan,74601000,07,0746,074601
913,Ayungon,74602000,07,0746,074602
914,Bacong,74603000,07,0746,074603
915,City of Bais,74604000,07,0746,074604
916,Basay,74605000,07,0746,074605
917,City of Bayawan,74606000,07,0746,074606
918,Bindoy,74607000,07,0746,074607
919,City of Canlaon,74608000,07,0746,074608
920,Dauin,74609000,07,0746,074609
921,City of Dumaguete (Capital),74610000,07,0746,074610
922,City of Guihulngan,74611000,07,0746,074611
923,Jimalalud,74612000,07,0746,074612
924,La Libertad,74613000,07,0746,074613
925,Mabinay,74614000,07,0746,074614
926,Manjuyod,74615000,07,0746,074615
927,Pamplona,74616000,07,0746,074616
928,San Jose,74617000,07,0746,074617
929,Santa Catalina,74618000,07,0746,074618
930,Siaton,74619000,07,0746,074619
931,Sibulan,74620000,07,0746,074620
932,City of Tanjay,74621000,07,0746,074621
933,Tayasan,74622000,07,0746,074622
934,Valencia,74623000,07,0746,074623
935,Vallehermoso,74624000,07,0746,074624
936,Zamboanguita,74625000,07,0746,074625
937,Enrique Villanueva,76101000,07,0761,076101
938,Larena,76102000,07,0761,076102
939,Lazi,76103000,07,0761,076103
940,Maria,76104000,07,0761,076104
941,San Juan,76105000,07,0761,076105
942,Siquijor (Capital),76106000,07,0761,076106
943,Arteche,82601000,08,0826,082601
944,Balangiga,82602000,08,0826,082602
945,Balangkayan,82603000,08,0826,082603
946,City of Borongan (Capital),82604000,08,0826,082604
947,Can-Avid,82605000,08,0826,082605
948,Dolores,82606000,08,0826,082606
949,General Macarthur,82607000,08,0826,082607
950,Giporlos,82608000,08,0826,082608
951,Guiuan,82609000,08,0826,082609
952,Hernani,82610000,08,0826,082610
953,Jipapad,82611000,08,0826,082611
954,Lawaan,82612000,08,0826,082612
955,Llorente,82613000,08,0826,082613
956,Maslog,82614000,08,0826,082614
957,Maydolong,82615000,08,0826,082615
958,Mercedes,82616000,08,0826,082616
959,Oras,82617000,08,0826,082617
960,Quinapondan,82618000,08,0826,082618
961,Salcedo,82619000,08,0826,082619
962,San Julian,82620000,08,0826,082620
963,San Policarpo,82621000,08,0826,082621
964,Sulat,82622000,08,0826,082622
965,Taft,82623000,08,0826,082623
966,Abuyog,83701000,08,0837,083701
967,Alangalang,83702000,08,0837,083702
968,Albuera,83703000,08,0837,083703
969,Babatngon,83705000,08,0837,083705
970,Barugo,83706000,08,0837,083706
971,Bato,83707000,08,0837,083707
972,City of Baybay,83708000,08,0837,083708
973,Burauen,83710000,08,0837,083710
974,Calubian,83713000,08,0837,083713
975,Capoocan,83714000,08,0837,083714
976,Carigara,83715000,08,0837,083715
977,Dagami,83717000,08,0837,083717
978,Dulag,83718000,08,0837,083718
979,Hilongos,83719000,08,0837,083719
980,Hindang,83720000,08,0837,083720
981,Inopacan,83721000,08,0837,083721
982,Isabel,83722000,08,0837,083722
983,Jaro,83723000,08,0837,083723
984,Javier,83724000,08,0837,083724
985,Julita,83725000,08,0837,083725
986,Kananga,83726000,08,0837,083726
987,La Paz,83728000,08,0837,083728
988,Leyte,83729000,08,0837,083729
989,Macarthur,83730000,08,0837,083730
990,Mahaplag,83731000,08,0837,083731
991,Matag-Ob,83733000,08,0837,083733
992,Matalom,83734000,08,0837,083734
993,Mayorga,83735000,08,0837,083735
994,Merida,83736000,08,0837,083736
995,Ormoc City,83738000,08,0837,083738
996,Palo,83739000,08,0837,083739
997,Palompon,83740000,08,0837,083740
998,Pastrana,83741000,08,0837,083741
999,San Isidro,83742000,08,0837,083742
1000,San Miguel,83743000,08,0837,083743
1001,Santa Fe,83744000,08,0837,083744
1002,Tabango,83745000,08,0837,083745
1003,Tabontabon,83746000,08,0837,083746
1004,City of Tacloban (Capital),83747000,08,0837,083747
1005,Tanauan,83748000,08,0837,083748
1006,Tolosa,83749000,08,0837,083749
1007,Tunga,83750000,08,0837,083750
1008,Villaba,83751000,08,0837,083751
1009,Allen,84801000,08,0848,084801
1010,Biri,84802000,08,0848,084802
1011,Bobon,84803000,08,0848,084803
1012,Capul,84804000,08,0848,084804
1013,Catarman (Capital),84805000,08,0848,084805
1014,Catubig,84806000,08,0848,084806
1015,Gamay,84807000,08,0848,084807
1016,Laoang,84808000,08,0848,084808
1017,Lapinig,84809000,08,0848,084809
1018,Las Navas,84810000,08,0848,084810
1019,Lavezares,84811000,08,0848,084811
1020,Mapanas,84812000,08,0848,084812
1021,Mondragon,84813000,08,0848,084813
1022,Palapag,84814000,08,0848,084814
1023,Pambujan,84815000,08,0848,084815
1024,Rosario,84816000,08,0848,084816
1025,San Antonio,84817000,08,0848,084817
1026,San Isidro,84818000,08,0848,084818
1027,San Jose,84819000,08,0848,084819
1028,San Roque,84820000,08,0848,084820
1029,San Vicente,84821000,08,0848,084821
1030,Silvino Lobos,84822000,08,0848,084822
1031,Victoria,84823000,08,0848,084823
1032,Lope De Vega,84824000,08,0848,084824
1033,Almagro,86001000,08,0860,086001
1034,Basey,86002000,08,0860,086002
1035,City of Calbayog,86003000,08,0860,086003
1036,Calbiga,86004000,08,0860,086004
1037,City of Catbalogan (Capital),86005000,08,0860,086005
1038,Daram,86006000,08,0860,086006
1039,Gandara,86007000,08,0860,086007
1040,Hinabangan,86008000,08,0860,086008
1041,Jiabong,86009000,08,0860,086009
1042,Marabut,86010000,08,0860,086010
1043,Matuguinao,86011000,08,0860,086011
1044,Motiong,86012000,08,0860,086012
1045,Pinabacdao,86013000,08,0860,086013
1046,San Jose De Buan,86014000,08,0860,086014
1047,San Sebastian,86015000,08,0860,086015
1048,Santa Margarita,86016000,08,0860,086016
1049,Santa Rita,86017000,08,0860,086017
1050,Santo Niño,86018000,08,0860,086018
1051,Talalora,86019000,08,0860,086019
1052,Tarangnan,86020000,08,0860,086020
1053,Villareal,86021000,08,0860,086021
1054,Paranas,86022000,08,0860,086022
1055,Zumarraga,86023000,08,0860,086023
1056,Tagapul-An,86024000,08,0860,086024
1057,San Jorge,86025000,08,0860,086025
1058,Pagsanghan,86026000,08,0860,086026
1059,Anahawan,86401000,08,0864,086401
1060,Bontoc,86402000,08,0864,086402
1061,Hinunangan,86403000,08,0864,086403
1062,Hinundayan,86404000,08,0864,086404
1063,Libagon,86405000,08,0864,086405
1064,Liloan,86406000,08,0864,086406
1065,City of Maasin (Capital),86407000,08,0864,086407
1066,Macrohon,86408000,08,0864,086408
1067,Malitbog,86409000,08,0864,086409
1068,Padre Burgos,86410000,08,0864,086410
1069,Pintuyan,86411000,08,0864,086411
1070,Saint Bernard,86412000,08,0864,086412
1071,San Francisco,86413000,08,0864,086413
1072,San Juan,86414000,08,0864,086414
1073,San Ricardo,86415000,08,0864,086415
1074,Silago,86416000,08,0864,086416
1075,Sogod,86417000,08,0864,086417
1076,Tomas Oppus,86418000,08,0864,086418
1077,Limasawa,86419000,08,0864,086419
1078,Almeria,87801000,08,0878,087801
1079,Biliran,87802000,08,0878,087802
1080,Cabucgayan,87803000,08,0878,087803
1081,Caibiran,87804000,08,0878,087804
1082,Culaba,87805000,08,0878,087805
1083,Kawayan,87806000,08,0878,087806
1084,Maripipi,87807000,08,0878,087807
1085,Naval (Capital),87808000,08,0878,087808
1086,City of Dapitan,97201000,09,0972,097201
1087,City of Dipolog (Capital),97202000,09,0972,097202
1088,Katipunan,97203000,09,0972,097203
1089,La Libertad,97204000,09,0972,097204
1090,Labason,97205000,09,0972,097205
1091,Liloy,97206000,09,0972,097206
1092,Manukan,97207000,09,0972,097207
1093,Mutia,97208000,09,0972,097208
1094,Piñan,97209000,09,0972,097209
1095,Polanco,97210000,09,0972,097210
1096,Pres. Manuel A. Roxas,97211000,09,0972,097211
1097,Rizal,97212000,09,0972,097212
1098,Salug,97213000,09,0972,097213
1099,Sergio Osmeña Sr.,97214000,09,0972,097214
1100,Siayan,97215000,09,0972,097215
1101,Sibuco,97216000,09,0972,097216
1102,Sibutad,97217000,09,0972,097217
1103,Sindangan,97218000,09,0972,097218
1104,Siocon,97219000,09,0972,097219
1105,Sirawai,97220000,09,0972,097220
1106,Tampilisan,97221000,09,0972,097221
1107,Jose Dalman,97222000,09,0972,097222
1108,Gutalac,97223000,09,0972,097223
1109,Baliguian,97224000,09,0972,097224
1110,Godod,97225000,09,0972,097225
1111,Bacungan,97226000,09,0972,097226
1112,Kalawit,97227000,09,0972,097227
1113,Aurora,97302000,09,0973,097302
1114,Bayog,97303000,09,0973,097303
1115,Dimataling,97305000,09,0973,097305
1116,Dinas,97306000,09,0973,097306
1117,Dumalinao,97307000,09,0973,097307
1118,Dumingag,97308000,09,0973,097308
1119,Kumalarang,97311000,09,0973,097311
1120,Labangan,97312000,09,0973,097312
1121,Lapuyan,97313000,09,0973,097313
1122,Mahayag,97315000,09,0973,097315
1123,Margosatubig,97317000,09,0973,097317
1124,Midsalip,97318000,09,0973,097318
1125,Molave,97319000,09,0973,097319
1126,City of Pagadian (Capital),97322000,09,0973,097322
1127,Ramon Magsaysay,97323000,09,0973,097323
1128,San Miguel,97324000,09,0973,097324
1129,San Pablo,97325000,09,0973,097325
1130,Tabina,97327000,09,0973,097327
1131,Tambulig,97328000,09,0973,097328
1132,Tukuran,97330000,09,0973,097330
1133,City of Zamboanga,97332000,09,0973,097332
1134,Lakewood,97333000,09,0973,097333
1135,Josefina,97337000,09,0973,097337
1136,Pitogo,97338000,09,0973,097338
1137,Sominot,97340000,09,0973,097340
1138,Vincenzo A. Sagun,97341000,09,0973,097341
1139,Guipos,97343000,09,0973,097343
1140,Tigbao,97344000,09,0973,097344
1141,Alicia,98301000,09,0983,098301
1142,Buug,98302000,09,0983,098302
1143,Diplahan,98303000,09,0983,098303
1144,Imelda,98304000,09,0983,098304
1145,Ipil (Capital),98305000,09,0983,098305
1146,Kabasalan,98306000,09,0983,098306
1147,Mabuhay,98307000,09,0983,098307
1148,Malangas,98308000,09,0983,098308
1149,Naga,98309000,09,0983,098309
1150,Olutanga,98310000,09,0983,098310
1151,Payao,98311000,09,0983,098311
1152,Roseller Lim,98312000,09,0983,098312
1153,Siay,98313000,09,0983,098313
1154,Talusan,98314000,09,0983,098314
1155,Titay,98315000,09,0983,098315
1156,Tungawan,98316000,09,0983,098316
1157,City of Isabela,99701000,09,0997,099701
1158,Baungon,101301000,10,1013,101301
1159,Damulog,101302000,10,1013,101302
1160,Dangcagan,101303000,10,1013,101303
1161,Don Carlos,101304000,10,1013,101304
1162,Impasug-ong,101305000,10,1013,101305
1163,Kadingilan,101306000,10,1013,101306
1164,Kalilangan,101307000,10,1013,101307
1165,Kibawe,101308000,10,1013,101308
1166,Kitaotao,101309000,10,1013,101309
1167,Lantapan,101310000,10,1013,101310
1168,Libona,101311000,10,1013,101311
1169,City of Malaybalay (Capital),101312000,10,1013,101312
1170,Malitbog,101313000,10,1013,101313
1171,Manolo Fortich,101314000,10,1013,101314
1172,Maramag,101315000,10,1013,101315
1173,Pangantucan,101316000,10,1013,101316
1174,Quezon,101317000,10,1013,101317
1175,San Fernando,101318000,10,1013,101318
1176,Sumilao,101319000,10,1013,101319
1177,Talakag,101320000,10,1013,101320
1178,City of Valencia,101321000,10,1013,101321
1179,Cabanglasan,101322000,10,1013,101322
1180,Catarman,101801000,10,1018,101801
1181,Guinsiliban,101802000,10,1018,101802
1182,Mahinog,101803000,10,1018,101803
1183,Mambajao (Capital),101804000,10,1018,101804
1184,Sagay,101805000,10,1018,101805
1185,Bacolod,103501000,10,1035,103501
1186,Baloi,103502000,10,1035,103502
1187,Baroy,103503000,10,1035,103503
1188,City of Iligan,103504000,10,1035,103504
1189,Kapatagan,103505000,10,1035,103505
1190,Sultan Naga Dimaporo,103506000,10,1035,103506
1191,Kauswagan,103507000,10,1035,103507
1192,Kolambugan,103508000,10,1035,103508
1193,Lala,103509000,10,1035,103509
1194,Linamon,103510000,10,1035,103510
1195,Magsaysay,103511000,10,1035,103511
1196,Maigo,103512000,10,1035,103512
1197,Matungao,103513000,10,1035,103513
1198,Munai,103514000,10,1035,103514
1199,Nunungan,103515000,10,1035,103515
1200,Pantao Ragat,103516000,10,1035,103516
1201,Poona Piagapo,103517000,10,1035,103517
1202,Salvador,103518000,10,1035,103518
1203,Sapad,103519000,10,1035,103519
1204,Tagoloan,103520000,10,1035,103520
1205,Tangcal,103521000,10,1035,103521
1206,Tubod (Capital),103522000,10,1035,103522
1207,Pantar,103523000,10,1035,103523
1208,Aloran,104201000,10,1042,104201
1209,Baliangao,104202000,10,1042,104202
1210,Bonifacio,104203000,10,1042,104203
1211,Calamba,104204000,10,1042,104204
1212,Clarin,104205000,10,1042,104205
1213,Concepcion,104206000,10,1042,104206
1214,Jimenez,104207000,10,1042,104207
1215,Lopez Jaena,104208000,10,1042,104208
1216,City of Oroquieta (Capital),104209000,10,1042,104209
1217,City of Ozamiz,104210000,10,1042,104210
1218,Panaon,104211000,10,1042,104211
1219,Plaridel,104212000,10,1042,104212
1220,Sapang Dalaga,104213000,10,1042,104213
1221,Sinacaban,104214000,10,1042,104214
1222,City of Tangub,104215000,10,1042,104215
1223,Tudela,104216000,10,1042,104216
1224,Don Victoriano Chiongbian,104217000,10,1042,104217
1225,Alubijid,104301000,10,1043,104301
1226,Balingasag,104302000,10,1043,104302
1227,Balingoan,104303000,10,1043,104303
1228,Binuangan,104304000,10,1043,104304
1229,City of Cagayan De Oro (Capital),104305000,10,1043,104305
1230,Claveria,104306000,10,1043,104306
1231,City of El Salvador,104307000,10,1043,104307
1232,City of Gingoog,104308000,10,1043,104308
1233,Gitagum,104309000,10,1043,104309
1234,Initao,104310000,10,1043,104310
1235,Jasaan,104311000,10,1043,104311
1236,Kinoguitan,104312000,10,1043,104312
1237,Lagonglong,104313000,10,1043,104313
1238,Laguindingan,104314000,10,1043,104314
1239,Libertad,104315000,10,1043,104315
1240,Lugait,104316000,10,1043,104316
1241,Magsaysay,104317000,10,1043,104317
1242,Manticao,104318000,10,1043,104318
1243,Medina,104319000,10,1043,104319
1244,Naawan,104320000,10,1043,104320
1245,Opol,104321000,10,1043,104321
1246,Salay,104322000,10,1043,104322
1247,Sugbongcogon,104323000,10,1043,104323
1248,Tagoloan,104324000,10,1043,104324
1249,Talisayan,104325000,10,1043,104325
1250,Villanueva,104326000,10,1043,104326
1251,Asuncion,112301000,11,1123,112301
1252,Carmen,112303000,11,1123,112303
1253,Kapalong,112305000,11,1123,112305
1254,New Corella,112314000,11,1123,112314
1255,City of Panabo,112315000,11,1123,112315
1256,Island Garden City of Samal,112317000,11,1123,112317
1257,Santo Tomas,112318000,11,1123,112318
1258,City of Tagum (Capital),112319000,11,1123,112319
1259,Talaingod,112322000,11,1123,112322
1260,Braulio E. Dujali,112323000,11,1123,112323
1261,San Isidro,112324000,11,1123,112324
1262,Bansalan,112401000,11,1124,112401
1263,City of Davao,112402000,11,1124,112402
1264,City of Digos (Capital),112403000,11,1124,112403
1265,Hagonoy,112404000,11,1124,112404
1266,Kiblawan,112406000,11,1124,112406
1267,Magsaysay,112407000,11,1124,112407
1268,Malalag,112408000,11,1124,112408
1269,Matanao,112410000,11,1124,112410
1270,Padada,112411000,11,1124,112411
1271,Santa Cruz,112412000,11,1124,112412
1272,Sulop,112414000,11,1124,112414
1273,Baganga,112501000,11,1125,112501
1274,Banaybanay,112502000,11,1125,112502
1275,Boston,112503000,11,1125,112503
1276,Caraga,112504000,11,1125,112504
1277,Cateel,112505000,11,1125,112505
1278,Governor Generoso,112506000,11,1125,112506
1279,Lupon,112507000,11,1125,112507
1280,Manay,112508000,11,1125,112508
1281,City of Mati (Capital),112509000,11,1125,112509
1282,San Isidro,112510000,11,1125,112510
1283,Tarragona,112511000,11,1125,112511
1284,Compostela,118201000,11,1182,118201
1285,Laak,118202000,11,1182,118202
1286,Mabini,118203000,11,1182,118203
1287,Maco,118204000,11,1182,118204
1288,Maragusan,118205000,11,1182,118205
1289,Mawab,118206000,11,1182,118206
1290,Monkayo,118207000,11,1182,118207
1291,Montevista,118208000,11,1182,118208
1292,Nabunturan (Capital),118209000,11,1182,118209
1293,New Bataan,118210000,11,1182,118210
1294,Pantukan,118211000,11,1182,118211
1295,Don Marcelino,118601000,11,1186,118601
1296,Jose Abad Santos,118602000,11,1186,118602
1297,Malita (Capital),118603000,11,1186,118603
1298,Santa Maria,118604000,11,1186,118604
1299,Sarangani,118605000,11,1186,118605
1300,Alamada,124701000,12,1247,124701
1301,Carmen,124702000,12,1247,124702
1302,Kabacan,124703000,12,1247,124703
1303,City of Kidapawan (Capital),124704000,12,1247,124704
1304,Libungan,124705000,12,1247,124705
1305,Magpet,124706000,12,1247,124706
1306,Makilala,124707000,12,1247,124707
1307,Matalam,124708000,12,1247,124708
1308,Midsayap,124709000,12,1247,124709
1309,M'Lang,124710000,12,1247,124710
1310,Pigkawayan,124711000,12,1247,124711
1311,Pikit,124712000,12,1247,124712
1312,President Roxas,124713000,12,1247,124713
1313,Tulunan,124714000,12,1247,124714
1314,Antipas,124715000,12,1247,124715
1315,Banisilan,124716000,12,1247,124716
1316,Aleosan,124717000,12,1247,124717
1317,Arakan,124718000,12,1247,124718
1318,Banga,126302000,12,1263,126302
1319,City of General Santos,126303000,12,1263,126303
1320,City of Koronadal (Capital),126306000,12,1263,126306
1321,Norala,126311000,12,1263,126311
1322,Polomolok,126312000,12,1263,126312
1323,Surallah,126313000,12,1263,126313
1324,Tampakan,126314000,12,1263,126314
1325,Tantangan,126315000,12,1263,126315
1326,T'Boli,126316000,12,1263,126316
1327,Tupi,126317000,12,1263,126317
1328,Santo Niño,126318000,12,1263,126318
1329,Lake Sebu,126319000,12,1263,126319
1330,Bagumbayan,126501000,12,1265,126501
1331,Columbio,126502000,12,1265,126502
1332,Esperanza,126503000,12,1265,126503
1333,Isulan (Capital),126504000,12,1265,126504
1334,Kalamansig,126505000,12,1265,126505
1335,Lebak,126506000,12,1265,126506
1336,Lutayan,126507000,12,1265,126507
1337,Lambayong,126508000,12,1265,126508
1338,Palimbang,126509000,12,1265,126509
1339,President Quirino,126510000,12,1265,126510
1340,City of Tacurong,126511000,12,1265,126511
1341,Sen. Ninoy Aquino,126512000,12,1265,126512
1342,Alabel (Capital),128001000,12,1280,128001
1343,Glan,128002000,12,1280,128002
1344,Kiamba,128003000,12,1280,128003
1345,Maasim,128004000,12,1280,128004
1346,Maitum,128005000,12,1280,128005
1347,Malapatan,128006000,12,1280,128006
1348,Malungon,128007000,12,1280,128007
1349,City of Manila,133900000,13,1339,133900
1350,City of Mandaluyong,137401000,13,1374,137401
1351,City of Marikina,137402000,13,1374,137402
1352,City of Pasig,137403000,13,1374,137403
1353,Quezon City,137404000,13,1374,137404
1354,City of San Juan,137405000,13,1374,137405
1355,City of Caloocan,137501000,13,1375,137501
1356,City of Malabon,137502000,13,1375,137502
1357,City of Navotas,137503000,13,1375,137503
1358,City of Valenzuela,137504000,13,1375,137504
1359,City of Las Piñas,137601000,13,1376,137601
1360,City of Makati,137602000,13,1376,137602
1361,City of Muntinlupa,137603000,13,1376,137603
1362,City of Parañaque,137604000,13,1376,137604
1363,Pasay City,137605000,13,1376,137605
1364,Pateros,137606000,13,1376,137606
1365,City of Taguig,137607000,13,1376,137607
1366,Bangued (Capital),140101000,14,1401,140101
1367,Boliney,140102000,14,1401,140102
1368,Bucay,140103000,14,1401,140103
1369,Bucloc,140104000,14,1401,140104
1370,Daguioman,140105000,14,1401,140105
1371,Danglas,140106000,14,1401,140106
1372,Dolores,140107000,14,1401,140107
1373,La Paz,140108000,14,1401,140108
1374,Lacub,140109000,14,1401,140109
1375,Lagangilang,140110000,14,1401,140110
1376,Lagayan,140111000,14,1401,140111
1377,Langiden,140112000,14,1401,140112
1378,Licuan-Baay,140113000,14,1401,140113
1379,Luba,140114000,14,1401,140114
1380,Malibcong,140115000,14,1401,140115
1381,Manabo,140116000,14,1401,140116
1382,Peñarrubia,140117000,14,1401,140117
1383,Pidigan,140118000,14,1401,140118
1384,Pilar,140119000,14,1401,140119
1385,Sallapadan,140120000,14,1401,140120
1386,San Isidro,140121000,14,1401,140121
1387,San Juan,140122000,14,1401,140122
1388,San Quintin,140123000,14,1401,140123
1389,Tayum,140124000,14,1401,140124
1390,Tineg,140125000,14,1401,140125
1391,Tubo,140126000,14,1401,140126
1392,Villaviciosa,140127000,14,1401,140127
1393,Atok,141101000,14,1411,141101
1394,City of Baguio,141102000,14,1411,141102
1395,Bakun,141103000,14,1411,141103
1396,Bokod,141104000,14,1411,141104
1397,Buguias,141105000,14,1411,141105
1398,Itogon,141106000,14,1411,141106
1399,Kabayan,141107000,14,1411,141107
1400,Kapangan,141108000,14,1411,141108
1401,Kibungan,141109000,14,1411,141109
1402,La Trinidad (Capital),141110000,14,1411,141110
1403,Mankayan,141111000,14,1411,141111
1404,Sablan,141112000,14,1411,141112
1405,Tuba,141113000,14,1411,141113
1406,Tublay,141114000,14,1411,141114
1407,Banaue,142701000,14,1427,142701
1408,Hungduan,142702000,14,1427,142702
1409,Kiangan,142703000,14,1427,142703
1410,Lagawe (Capital),142704000,14,1427,142704
1411,Lamut,142705000,14,1427,142705
1412,Mayoyao,142706000,14,1427,142706
1413,Alfonso Lista,142707000,14,1427,142707
1414,Aguinaldo,142708000,14,1427,142708
1415,Hingyon,142709000,14,1427,142709
1416,Tinoc,142710000,14,1427,142710
1417,Asipulo,142711000,14,1427,142711
1418,Balbalan,143201000,14,1432,143201
1419,Lubuagan,143206000,14,1432,143206
1420,Pasil,143208000,14,1432,143208
1421,Pinukpuk,143209000,14,1432,143209
1422,Rizal,143211000,14,1432,143211
1423,City of Tabuk (Capital),143213000,14,1432,143213
1424,Tanudan,143214000,14,1432,143214
1425,Tinglayan,143215000,14,1432,143215
1426,Barlig,144401000,14,1444,144401
1427,Bauko,144402000,14,1444,144402
1428,Besao,144403000,14,1444,144403
1429,Bontoc (Capital),144404000,14,1444,144404
1430,Natonin,144405000,14,1444,144405
1431,Paracelis,144406000,14,1444,144406
1432,Sabangan,144407000,14,1444,144407
1433,Sadanga,144408000,14,1444,144408
1434,Sagada,144409000,14,1444,144409
1435,Tadian,144410000,14,1444,144410
1436,Calanasan,148101000,14,1481,148101
1437,Conner,148102000,14,1481,148102
1438,Flora,148103000,14,1481,148103
1439,Kabugao (Capital),148104000,14,1481,148104
1440,Luna,148105000,14,1481,148105
1441,Pudtol,148106000,14,1481,148106
1442,Santa Marcela,148107000,14,1481,148107
1443,Buenavista,160201000,16,1602,160201
1444,City of Butuan (Capital),160202000,16,1602,160202
1445,City of Cabadbaran,160203000,16,1602,160203
1446,Carmen,160204000,16,1602,160204
1447,Jabonga,160205000,16,1602,160205
1448,Kitcharao,160206000,16,1602,160206
1449,Las Nieves,160207000,16,1602,160207
1450,Magallanes,160208000,16,1602,160208
1451,Nasipit,160209000,16,1602,160209
1452,Santiago,160210000,16,1602,160210
1453,Tubay,160211000,16,1602,160211
1454,Remedios T. Romualdez,160212000,16,1602,160212
1455,City of Bayugan,160301000,16,1603,160301
1456,Bunawan,160302000,16,1603,160302
1457,Esperanza,160303000,16,1603,160303
1458,La Paz,160304000,16,1603,160304
1459,Loreto,160305000,16,1603,160305
1460,Prosperidad (Capital),160306000,16,1603,160306
1461,Rosario,160307000,16,1603,160307
1462,San Francisco,160308000,16,1603,160308
1463,San Luis,160309000,16,1603,160309
1464,Santa Josefa,160310000,16,1603,160310
1465,Talacogon,160311000,16,1603,160311
1466,Trento,160312000,16,1603,160312
1467,Veruela,160313000,16,1603,160313
1468,Sibagat,160314000,16,1603,160314
1469,Alegria,166701000,16,1667,166701
1470,Bacuag,166702000,16,1667,166702
1471,Burgos,166704000,16,1667,166704
1472,Claver,166706000,16,1667,166706
1473,Dapa,166707000,16,1667,166707
1474,Del Carmen,166708000,16,1667,166708
1475,General Luna,166710000,16,1667,166710
1476,Gigaquit,166711000,16,1667,166711
1477,Mainit,166714000,16,1667,166714
1478,Malimono,166715000,16,1667,166715
1479,Pilar,166716000,16,1667,166716
1480,Placer,166717000,16,1667,166717
1481,San Benito,166718000,16,1667,166718
1482,San Francisco,166719000,16,1667,166719
1483,San Isidro,166720000,16,1667,166720
1484,Santa Monica,166721000,16,1667,166721
1485,Sison,166722000,16,1667,166722
1486,Socorro,166723000,16,1667,166723
1487,City of Surigao (Capital),166724000,16,1667,166724
1488,Tagana-An,166725000,16,1667,166725
1489,Tubod,166727000,16,1667,166727
1490,Barobo,166801000,16,1668,166801
1491,Bayabas,166802000,16,1668,166802
1492,City of Bislig,166803000,16,1668,166803
1493,Cagwait,166804000,16,1668,166804
1494,Cantilan,166805000,16,1668,166805
1495,Carmen,166806000,16,1668,166806
1496,Carrascal,166807000,16,1668,166807
1497,Cortes,166808000,16,1668,166808
1498,Hinatuan,166809000,16,1668,166809
1499,Lanuza,166810000,16,1668,166810
1500,Lianga,166811000,16,1668,166811
1501,Lingig,166812000,16,1668,166812
1502,Madrid,166813000,16,1668,166813
1503,Marihatag,166814000,16,1668,166814
1504,San Agustin,166815000,16,1668,166815
1505,San Miguel,166816000,16,1668,166816
1506,Tagbina,166817000,16,1668,166817
1507,Tago,166818000,16,1668,166818
1508,City of Tandag (Capital),166819000,16,1668,166819
1509,Basilisa,168501000,16,1685,168501
1510,Cagdianao,168502000,16,1685,168502
1511,Dinagat,168503000,16,1685,168503
1512,Libjo,168504000,16,1685,168504
1513,Loreto,168505000,16,1685,168505
1514,San Jose (Capital),168506000,16,1685,168506
1515,Tubajon,168507000,16,1685,168507
1516,City of Lamitan (Capital),150702000,15,1507,150702
1517,Lantawan,150703000,15,1507,150703
1518,Maluso,150704000,15,1507,150704
1519,Sumisip,150705000,15,1507,150705
1520,Tipo-Tipo,150706000,15,1507,150706
1521,Tuburan,150707000,15,1507,150707
1522,Akbar,150708000,15,1507,150708
1523,Al-Barka,150709000,15,1507,150709
1524,Hadji Mohammad Ajul,150710000,15,1507,150710
1525,Ungkaya Pukan,150711000,15,1507,150711
1526,Hadji Muhtamad,150712000,15,1507,150712
1527,Tabuan-Lasa,150713000,15,1507,150713
1528,Bacolod-Kalawi,153601000,15,1536,153601
1529,Balabagan,153602000,15,1536,153602
1530,Balindong,153603000,15,1536,153603
1531,Bayang,153604000,15,1536,153604
1532,Binidayan,153605000,15,1536,153605
1533,Bubong,153606000,15,1536,153606
1534,Butig,153607000,15,1536,153607
1535,Ganassi,153609000,15,1536,153609
1536,Kapai,153610000,15,1536,153610
1537,Lumba-Bayabao,153611000,15,1536,153611
1538,Lumbatan,153612000,15,1536,153612
1539,Madalum,153613000,15,1536,153613
1540,Madamba,153614000,15,1536,153614
1541,Malabang,153615000,15,1536,153615
1542,Marantao,153616000,15,1536,153616
1543,City of Marawi (Capital),153617000,15,1536,153617
1544,Masiu,153618000,15,1536,153618
1545,Mulondo,153619000,15,1536,153619
1546,Pagayawan,153620000,15,1536,153620
1547,Piagapo,153621000,15,1536,153621
1548,Poona Bayabao,153622000,15,1536,153622
1549,Pualas,153623000,15,1536,153623
1550,Ditsaan-Ramain,153624000,15,1536,153624
1551,Saguiaran,153625000,15,1536,153625
1552,Tamparan,153626000,15,1536,153626
1553,Taraka,153627000,15,1536,153627
1554,Tubaran,153628000,15,1536,153628
1555,Tugaya,153629000,15,1536,153629
1556,Wao,153630000,15,1536,153630
1557,Marogong,153631000,15,1536,153631
1558,Calanogas,153632000,15,1536,153632
1559,Buadiposo-Buntong,153633000,15,1536,153633
1560,Maguing,153634000,15,1536,153634
1561,Picong,153635000,15,1536,153635
1562,Lumbayanague,153636000,15,1536,153636
1563,Amai Manabilang,153637000,15,1536,153637
1564,Tagoloan Ii,153638000,15,1536,153638
1565,Kapatagan,153639000,15,1536,153639
1566,Sultan Dumalondong,153640000,15,1536,153640
1567,Lumbaca-Unayan,153641000,15,1536,153641
1568,Ampatuan,153801000,15,1538,153801
1569,Buldon,153802000,15,1538,153802
1570,Buluan,153803000,15,1538,153803
1571,City of Cotabato,129804000,12,1298,129804
1572,Datu Paglas,153805000,15,1538,153805
1573,Datu Piang,153806000,15,1538,153806
1574,Datu Odin Sinsuat,153807000,15,1538,153807
1575,Shariff Aguak (Capital),153808000,15,1538,153808
1576,Matanog,153809000,15,1538,153809
1577,Pagalungan,153810000,15,1538,153810
1578,Parang,153811000,15,1538,153811
1579,Sultan Kudarat,153812000,15,1538,153812
1580,Sultan Sa Barongis,153813000,15,1538,153813
1581,Kabuntalan,153814000,15,1538,153814
1582,Upi,153815000,15,1538,153815
1583,Talayan,153816000,15,1538,153816
1584,South Upi,153817000,15,1538,153817
1585,Barira,153818000,15,1538,153818
1586,Gen. S.K. Pendatun,153819000,15,1538,153819
1587,Mamasapano,153820000,15,1538,153820
1588,Talitay,153821000,15,1538,153821
1589,Pagagawan,153822000,15,1538,153822
1590,Paglat,153823000,15,1538,153823
1591,Sultan Mastura,153824000,15,1538,153824
1592,Guindulungan,153825000,15,1538,153825
1593,Datu Saudi-Ampatuan,153826000,15,1538,153826
1594,Datu Unsay,153827000,15,1538,153827
1595,Datu Abdullah Sangki,153828000,15,1538,153828
1596,Rajah Buayan,153829000,15,1538,153829
1597,Datu Blah T. Sinsuat,153830000,15,1538,153830
1598,Datu Anggal Midtimbang,153831000,15,1538,153831
1599,Mangudadatu,153832000,15,1538,153832
1600,Pandag,153833000,15,1538,153833
1601,Northern Kabuntalan,153834000,15,1538,153834
1602,Datu Hoffer Ampatuan,153835000,15,1538,153835
1603,Datu Salibo,153836000,15,1538,153836
1604,Shariff Saydona Mustapha,153837000,15,1538,153837
1605,Indanan,156601000,15,1566,156601
1606,Jolo (Capital),156602000,15,1566,156602
1607,Kalingalan Caluang,156603000,15,1566,156603
1608,Luuk,156604000,15,1566,156604
1609,Maimbung,156605000,15,1566,156605
1610,Hadji Panglima Tahil,156606000,15,1566,156606
1611,Old Panamao,156607000,15,1566,156607
1612,Pangutaran,156608000,15,1566,156608
1613,Parang,156609000,15,1566,156609
1614,Pata,156610000,15,1566,156610
1615,Patikul,156611000,15,1566,156611
1616,Siasi,156612000,15,1566,156612
1617,Talipao,156613000,15,1566,156613
1618,Tapul,156614000,15,1566,156614
1619,Tongkil,156615000,15,1566,156615
1620,Panglima Estino,156616000,15,1566,156616
1621,Lugus,156617000,15,1566,156617
1622,Pandami,156618000,15,1566,156618
1623,Omar,156619000,15,1566,156619
1624,Panglima Sugala,157001000,15,1570,157001
1625,Bongao (Capital),157002000,15,1570,157002
1626,Mapun,157003000,15,1570,157003
1627,Simunul,157004000,15,1570,157004
1628,Sitangkai,157005000,15,1570,157005
1629,South Ubian,157006000,15,1570,157006
1630,Tandubas,157007000,15,1570,157007
1631,Turtle Islands,157008000,15,1570,157008
1632,Languyan,157009000,15,1570,157009
1633,Sapa-Sapa,157010000,15,1570,157010
1634,Sibutu,157011000,15,1570,157011